Time,Mode,Status,Pressure_O,Pressure_C,Temperature_O,Temperature_C,Thrust,New_Data,Checksum
445710156,1,0,346.19140625,2.00000000,32.00000000,32.00000000,-0.00000000,31.00000000,0.00000000
445809828,1,0,347.41210938,2.00000000,32.00000000,32.00000000,-0.00000000,31.00000000,0.00000000
445910500,1,0,347.41210938,2.00000000,32.00000000,32.00000000,-0.00000000,31.00000000,0.00000000
446011176,1,0,347.41210938,2.00000000,32.00000000,32.00000000,-0.00000000,31.00000000,0.00000000
446111844,1,0,347.41210938,2.00000000,32.00000000,32.00000000,-0.00000000,31.00000000,0.00000000
446212508,1,0,347.41210938,2.00000000,32.00000000,32.00000000,-0.00000000,31.00000000,0.00000000
446313184,1,0,347.41210938,2.00000000,32.00000000,32.00000000,-0.00000000,31.00000000,0.00000000
446413852,1,0,346.19140625,2.00000000,32.00000000,32.00000000,-0.00000000,31.00000000,0.00000000
446514524,1,0,346.19140625,2.00000000,32.00000000,32.00000000,-0.00000000,31.00000000,0.00000000
446615188,1,0,344.97070313,2.00000000,32.00000000,32.00000000,-0.00000000,31.00000000,0.00000000
446715860,1,0,344.97070313,2.00000000,32.00000000,32.00000000,-0.00000000,31.00000000,0.00000000
446816532,1,0,343.75000000,2.00000000,32.00000000,32.00000000,-0.00000000,31.00000000,0.00000000
446917204,1,0,343.75000000,2.00000000,32.00000000,32.00000000,-0.00000000,31.00000000,0.00000000
447017876,1,0,342.52929688,2.00000000,32.00000000,32.00000000,-0.00000000,31.00000000,0.00000000
447118548,1,0,342.52929688,2.00000000,32.00000000,32.00000000,-0.00000000,31.00000000,0.00000000
447219220,1,0,342.52929688,2.00000000,32.00000000,32.00000000,-0.00000000,31.00000000,0.00000000
447319896,1,0,342.52929688,2.00000000,32.00000000,32.00000000,-0.00000000,31.00000000,0.00000000
447420564,1,0,342.52929688,2.00000000,32.00000000,32.00000000,-0.00000000,31.00000000,0.00000000
447521236,1,0,342.52929688,2.00000000,32.00000000,32.00000000,-0.00000000,31.00000000,0.00000000
447621912,1,0,343.75000000,2.00000000,32.00000000,32.00000000,-0.00000000,31.00000000,0.00000000
447722580,1,0,343.75000000,2.00000000,32.00000000,32.00000000,-0.00000000,31.00000000,0.00000000
447823244,1,0,343.75000000,2.00000000,32.00000000,32.00000000,-0.00000000,31.00000000,0.00000000
447923920,1,0,344.97070313,2.00000000,32.00000000,32.00000000,-0.00000000,31.00000000,0.00000000
448024588,1,0,344.97070313,2.00000000,32.00000000,32.00000000,-0.00000000,31.00000000,0.00000000
448125260,1,0,344.97070313,2.00000000,32.00000000,32.00000000,-0.00000000,31.00000000,0.00000000
448225932,1,0,346.19140625,2.00000000,32.00000000,32.00000000,-0.00000000,31.00000000,0.00000000
448326604,1,0,346.19140625,2.00000000,32.00000000,32.00000000,-0.00000000,31.00000000,0.00000000
448427276,1,0,344.97070313,2.00000000,32.00000000,32.00000000,-0.00000000,31.00000000,0.00000000
448527940,1,0,344.97070313,2.00000000,32.00000000,32.00000000,-0.00000000,31.00000000,0.00000000
448628612,1,0,344.97070313,2.00000000,32.00000000,32.00000000,-0.00000000,31.00000000,0.00000000
448729284,1,0,343.75000000,2.00000000,32.00000000,32.00000000,-0.00000000,31.00000000,0.00000000
448829956,1,0,343.75000000,2.00000000,32.00000000,32.00000000,-0.00000000,31.00000000,0.00000000
448930632,1,0,343.75000000,2.00000000,32.00000000,32.00000000,-0.00000000,31.00000000,0.00000000
449031300,1,0,342.52929688,2.00000000,32.00000000,32.00000000,-0.00000000,31.00000000,0.00000000
449131972,1,0,342.52929688,2.00000000,32.00000000,32.00000000,-0.00000000,31.00000000,0.00000000
449232648,1,0,341.30859375,2.00000000,32.00000000,32.00000000,-0.00000000,31.00000000,0.00000000
449333316,1,0,341.30859375,2.00000000,32.00000000,32.00000000,-0.00000000,31.00000000,0.00000000
449433988,1,0,341.30859375,2.00000000,32.00000000,32.00000000,-0.00000000,31.00000000,0.00000000
449534660,1,0,341.30859375,2.00000000,32.00000000,32.00000000,-0.00000000,31.00000000,0.00000000
449635332,1,0,342.52929688,2.00000000,32.00000000,32.00000000,-0.00000000,31.00000000,0.00000000
449735996,1,0,342.52929688,2.00000000,32.00000000,32.00000000,-0.00000000,31.00000000,0.00000000
449836668,1,0,342.52929688,2.00000000,32.00000000,32.00000000,-0.00000000,31.00000000,0.00000000
449937340,1,0,343.75000000,2.00000000,32.00000000,32.00000000,-0.00000000,31.00000000,0.00000000
450038012,1,0,343.75000000,2.00000000,32.00000000,32.00000000,-0.00000000,31.00000000,0.00000000
450138676,1,0,343.75000000,2.00000000,32.00000000,32.00000000,-0.00000000,31.00000000,0.00000000
450239352,1,0,343.75000000,2.00000000,32.00000000,32.00000000,-0.00000000,31.00000000,0.00000000
450340020,1,0,343.75000000,2.00000000,32.00000000,32.00000000,-0.00000000,31.00000000,0.00000000
450440684,1,0,343.75000000,2.00000000,32.00000000,32.00000000,-0.00000000,31.00000000,0.00000000
450541360,1,0,343.75000000,2.00000000,32.00000000,32.00000000,-0.00000000,31.00000000,0.00000000
450642028,1,0,343.75000000,2.00000000,32.00000000,32.00000000,-0.00000000,31.00000000,0.00000000
450742700,1,0,343.75000000,2.00000000,32.00000000,32.00000000,-0.00000000,31.00000000,0.00000000
450843376,1,0,342.52929688,2.00000000,32.00000000,32.00000000,-0.00000000,31.00000000,0.00000000
450944044,1,0,342.52929688,2.00000000,32.00000000,32.00000000,-0.00000000,31.00000000,0.00000000
451044716,1,0,341.30859375,2.00000000,32.00000000,32.00000000,-0.00000000,31.00000000,0.00000000
451145388,1,0,341.30859375,2.00000000,32.00000000,32.00000000,-0.00000000,31.00000000,0.00000000
451246068,1,0,340.08789063,2.00000000,32.00000000,32.00000000,-0.00000000,31.00000000,0.00000000
451346740,1,0,340.08789063,2.00000000,32.00000000,32.00000000,-0.00000000,31.00000000,0.00000000
451447412,1,0,340.08789063,2.00000000,32.00000000,32.00000000,-0.00000000,31.00000000,0.00000000
451548084,1,0,338.86718750,2.00000000,32.00000000,32.00000000,-0.00000000,31.00000000,0.00000000
451648748,1,0,340.08789063,2.00000000,32.00000000,32.00000000,-0.00000000,31.00000000,0.00000000
451749420,1,0,340.08789063,2.00000000,32.00000000,32.00000000,-0.00000000,31.00000000,0.00000000
451850096,1,0,340.08789063,2.00000000,32.00000000,32.00000000,-0.00000000,31.00000000,0.00000000
451950764,1,0,340.08789063,2.00000000,32.00000000,32.00000000,-0.00000000,31.00000000,0.00000000
452051428,1,0,341.30859375,2.00000000,32.00000000,32.00000000,-0.00000000,31.00000000,0.00000000
452152104,1,0,341.30859375,2.00000000,32.00000000,32.00000000,-0.00000000,31.00000000,0.00000000
452252772,1,0,341.30859375,2.00000000,32.00000000,32.00000000,-0.00000000,31.00000000,0.00000000
452353444,1,0,342.52929688,2.00000000,32.00000000,32.00000000,-0.00000000,31.00000000,0.00000000
452454120,1,0,342.52929688,2.00000000,32.00000000,32.00000000,-0.00000000,31.00000000,0.00000000
452554788,1,0,342.52929688,2.00000000,32.00000000,32.00000000,-0.00000000,31.00000000,0.00000000
452655460,1,0,342.52929688,2.00000000,32.00000000,32.00000000,-0.00000000,31.00000000,0.00000000
452756132,1,0,342.52929688,2.00000000,32.00000000,32.00000000,-0.00000000,31.00000000,0.00000000
452856812,1,0,342.52929688,2.00000000,32.00000000,32.00000000,-0.00000000,31.00000000,0.00000000
452957484,1,0,342.52929688,2.00000000,32.00000000,32.00000000,-0.00000000,31.00000000,0.00000000
453058156,1,0,341.30859375,2.00000000,32.00000000,32.00000000,-0.00000000,31.00000000,0.00000000
453158828,1,0,341.30859375,2.00000000,32.00000000,32.00000000,-0.00000000,31.00000000,0.00000000
453259492,1,0,340.08789063,2.00000000,32.00000000,32.00000000,-0.00000000,31.00000000,0.00000000
453360164,1,0,340.08789063,2.00000000,32.00000000,32.00000000,-0.00000000,31.00000000,0.00000000
453460840,1,0,340.08789063,2.00000000,32.00000000,32.00000000,-0.00000000,31.00000000,0.00000000
458267720,1,0,346.19140625,2.00000000,32.00000000,32.00000000,-0.00000000,31.00000000,0.00000000
458367388,1,0,346.19140625,2.00000000,32.00000000,32.00000000,-0.00000000,31.00000000,0.00000000
458468064,1,0,344.97070313,2.00000000,32.00000000,32.00000000,-0.00000000,31.00000000,0.00000000
458568732,1,0,344.97070313,2.00000000,32.00000000,32.00000000,-0.00000000,31.00000000,0.00000000
458669396,1,0,344.97070313,2.00000000,32.00000000,32.00000000,-0.00000000,31.00000000,0.00000000
458770068,1,0,343.75000000,2.00000000,32.00000000,32.00000000,-0.00000000,31.00000000,0.00000000
458870740,1,0,343.75000000,2.00000000,32.00000000,32.00000000,-0.00000000,31.00000000,0.00000000
458971412,1,0,343.75000000,2.00000000,32.00000000,32.00000000,-0.00000000,31.00000000,0.00000000
459072076,1,0,342.52929688,2.00000000,32.00000000,32.00000000,-0.00000000,31.00000000,0.00000000
459172748,1,0,341.30859375,2.00000000,32.00000000,32.00000000,-0.00000000,31.00000000,0.00000000
459273420,1,0,341.30859375,2.00000000,32.00000000,32.00000000,-0.00000000,31.00000000,0.00000000
459374092,1,0,341.30859375,2.00000000,32.00000000,32.00000000,-0.00000000,31.00000000,0.00000000
459474768,1,0,341.30859375,2.00000000,32.00000000,32.00000000,-0.00000000,31.00000000,0.00000000
459575436,1,0,341.30859375,2.00000000,32.00000000,32.00000000,-0.00000000,31.00000000,0.00000000
459676108,1,0,341.30859375,2.00000000,32.00000000,32.00000000,-0.00000000,31.00000000,0.00000000
459776784,1,0,342.52929688,2.00000000,32.00000000,32.00000000,-0.00000000,31.00000000,0.00000000
459877452,1,0,342.52929688,2.00000000,32.00000000,32.00000000,-0.00000000,31.00000000,0.00000000
459978124,1,0,342.52929688,2.00000000,32.00000000,32.00000000,-0.00000000,31.00000000,0.00000000
460078800,1,0,342.52929688,2.00000000,32.00000000,32.00000000,-0.00000000,31.00000000,0.00000000
460179468,1,0,343.75000000,2.00000000,32.00000000,32.00000000,-0.00000000,31.00000000,0.00000000
460280132,1,0,343.75000000,2.00000000,32.00000000,32.00000000,-0.00000000,31.00000000,0.00000000
460380804,1,0,343.75000000,2.00000000,32.00000000,32.00000000,-0.00000000,31.00000000,0.00000000
460481476,1,0,343.75000000,2.00000000,32.00000000,32.00000000,-0.00000000,31.00000000,0.00000000
460582148,1,0,342.52929688,2.00000000,32.00000000,32.00000000,-0.00000000,31.00000000,0.00000000
460682812,1,0,342.52929688,2.00000000,32.00000000,32.00000000,-0.00000000,31.00000000,0.00000000
460783484,1,0,342.52929688,2.00000000,32.00000000,32.00000000,-0.00000000,31.00000000,0.00000000
460884156,1,0,341.30859375,2.00000000,32.00000000,32.00000000,-0.00000000,31.00000000,0.00000000
460984828,1,0,341.30859375,2.00000000,32.00000000,32.00000000,-0.00000000,31.00000000,0.00000000
461085504,1,0,340.08789063,2.00000000,32.00000000,32.00000000,-0.00000000,31.00000000,0.00000000
461186172,1,0,340.08789063,2.00000000,32.00000000,32.00000000,-0.00000000,31.00000000,0.00000000
461286836,1,0,340.08789063,2.00000000,32.00000000,32.00000000,-0.00000000,31.00000000,0.00000000
461387512,1,0,338.86718750,2.00000000,32.00000000,32.00000000,-0.00000000,31.00000000,0.00000000
461488180,1,0,338.86718750,2.00000000,32.00000000,32.00000000,-0.00000000,31.00000000,0.00000000
461588852,1,0,338.86718750,2.00000000,32.00000000,32.00000000,-0.00000000,31.00000000,0.00000000
461689516,1,0,338.86718750,2.00000000,32.00000000,32.00000000,-0.00000000,31.00000000,0.00000000
461790196,1,0,340.08789063,2.00000000,32.00000000,32.00000000,-0.00000000,31.00000000,0.00000000
461890868,1,0,340.08789063,2.00000000,32.00000000,32.00000000,-0.00000000,31.00000000,0.00000000
461991540,1,0,341.30859375,2.00000000,32.00000000,32.00000000,-0.00000000,31.00000000,0.00000000
462092212,1,0,341.30859375,2.00000000,32.00000000,32.00000000,-0.00000000,31.00000000,0.00000000
462192876,1,0,341.30859375,2.00000000,32.00000000,32.00000000,-0.00000000,31.00000000,0.00000000
462293548,1,0,342.52929688,2.00000000,32.00000000,32.00000000,-0.00000000,31.00000000,0.00000000
462394224,1,0,342.52929688,2.00000000,32.00000000,32.00000000,-0.00000000,31.00000000,0.00000000
462494892,1,0,342.52929688,2.00000000,32.00000000,32.00000000,-0.00000000,31.00000000,0.00000000
462595556,1,0,342.52929688,2.00000000,32.00000000,32.00000000,-0.00000000,31.00000000,0.00000000
462696232,1,0,342.52929688,2.00000000,32.00000000,32.00000000,-0.00000000,31.00000000,0.00000000
462796900,1,0,342.52929688,2.00000000,32.00000000,32.00000000,-0.00000000,31.00000000,0.00000000
462897572,1,0,341.30859375,2.00000000,32.00000000,32.00000000,-0.00000000,31.00000000,0.00000000
462998248,1,0,341.30859375,2.00000000,32.00000000,32.00000000,-0.00000000,31.00000000,0.00000000
463098916,1,0,340.08789063,2.00000000,32.00000000,32.00000000,-0.00000000,31.00000000,0.00000000
463199588,1,0,340.08789063,2.00000000,32.00000000,32.00000000,-0.00000000,31.00000000,0.00000000
463300252,1,0,340.08789063,2.00000000,32.00000000,32.00000000,-0.00000000,31.00000000,0.00000000
463400924,1,0,338.86718750,2.00000000,32.00000000,32.00000000,-0.00000000,31.00000000,0.00000000
463501596,1,0,338.86718750,2.00000000,32.00000000,32.00000000,-0.00000000,31.00000000,0.00000000
463602268,1,0,338.86718750,2.00000000,32.00000000,32.00000000,-0.00000000,31.00000000,0.00000000
463702940,1,0,338.86718750,2.00000000,32.00000000,32.00000000,-0.00000000,31.00000000,0.00000000
463803612,1,0,338.86718750,2.00000000,32.00000000,32.00000000,-0.00000000,31.00000000,0.00000000
463904284,1,0,340.08789063,2.00000000,32.00000000,32.00000000,-0.00000000,31.00000000,0.00000000
464004960,1,0,340.08789063,2.00000000,32.00000000,32.00000000,-0.00000000,31.00000000,0.00000000
464105628,1,0,341.30859375,2.00000000,32.00000000,32.00000000,-0.00000000,31.00000000,0.00000000
464206300,1,0,341.30859375,2.00000000,32.00000000,32.00000000,-0.00000000,31.00000000,0.00000000
464306976,1,0,342.52929688,2.00000000,32.00000000,32.00000000,-0.00000000,31.00000000,0.00000000
464407644,1,0,342.52929688,2.00000000,32.00000000,32.00000000,-0.00000000,31.00000000,0.00000000
464508308,1,0,342.52929688,2.00000000,32.00000000,32.00000000,-0.00000000,31.00000000,0.00000000
464608984,1,0,342.52929688,2.00000000,32.00000000,32.00000000,-0.00000000,31.00000000,0.00000000
464709652,1,0,343.75000000,2.00000000,32.00000000,32.00000000,-0.00000000,31.00000000,0.00000000
464810316,1,0,342.52929688,2.00000000,32.00000000,32.00000000,-0.00000000,31.00000000,0.00000000
464910988,1,0,342.52929688,2.00000000,32.00000000,32.00000000,-0.00000000,31.00000000,0.00000000
465011660,1,0,342.52929688,2.00000000,32.00000000,32.00000000,-0.00000000,31.00000000,0.00000000
465112324,1,0,341.30859375,2.00000000,32.00000000,32.00000000,-0.00000000,31.00000000,0.00000000
465212988,1,0,341.30859375,2.00000000,32.00000000,32.00000000,-0.00000000,31.00000000,0.00000000
465313660,1,0,340.08789063,2.00000000,32.00000000,32.00000000,-0.00000000,31.00000000,0.00000000
465414332,1,0,340.08789063,2.00000000,32.00000000,32.00000000,-0.00000000,31.00000000,0.00000000
465515004,1,0,338.86718750,2.00000000,32.00000000,32.00000000,-0.00000000,31.00000000,0.00000000
465615680,1,0,338.86718750,2.00000000,32.00000000,32.00000000,-0.00000000,31.00000000,0.00000000
465716348,1,0,338.86718750,2.00000000,32.00000000,32.00000000,-0.00000000,31.00000000,0.00000000
465817020,1,0,338.86718750,2.00000000,32.00000000,32.00000000,-0.00000000,31.00000000,0.00000000
465917696,1,0,338.86718750,2.00000000,32.00000000,32.00000000,-0.00000000,31.00000000,0.00000000
466018364,1,0,338.86718750,2.00000000,32.00000000,32.00000000,-0.00000000,31.00000000,0.00000000
466119036,1,0,338.86718750,2.00000000,32.00000000,32.00000000,-0.00000000,31.00000000,0.00000000
466219708,1,0,340.08789063,2.00000000,32.00000000,32.00000000,-0.00000000,31.00000000,0.00000000
466320380,1,0,340.08789063,2.00000000,32.00000000,32.00000000,-0.00000000,31.00000000,0.00000000
466421044,1,0,340.08789063,2.00000000,32.00000000,32.00000000,-0.00000000,31.00000000,0.00000000
466521716,1,0,341.30859375,2.00000000,32.00000000,32.00000000,-0.00000000,31.00000000,0.00000000
466622388,1,0,341.30859375,2.00000000,32.00000000,32.00000000,-0.00000000,31.00000000,0.00000000
466723052,1,0,342.52929688,2.00000000,32.00000000,32.00000000,-0.00000000,31.00000000,0.00000000
466823724,1,0,342.52929688,2.00000000,32.00000000,32.00000000,-0.00000000,31.00000000,0.00000000
466924400,1,0,342.52929688,2.00000000,32.00000000,32.00000000,-0.00000000,31.00000000,0.00000000
467025068,1,0,342.52929688,2.00000000,32.00000000,32.00000000,-0.00000000,31.00000000,0.00000000
467125732,1,0,342.52929688,2.00000000,32.00000000,32.00000000,-0.00000000,31.00000000,0.00000000
467226408,1,0,342.52929688,2.00000000,32.00000000,32.00000000,-0.00000000,31.00000000,0.00000000
467327076,1,0,341.30859375,2.00000000,32.00000000,32.00000000,-0.00000000,31.00000000,0.00000000
467427748,1,0,341.30859375,2.00000000,32.00000000,32.00000000,-0.00000000,31.00000000,0.00000000
467528424,1,0,341.30859375,2.00000000,32.00000000,32.00000000,-0.00000000,31.00000000,0.00000000
467629092,1,0,340.08789063,2.00000000,32.00000000,32.00000000,-0.00000000,31.00000000,0.00000000
467729764,1,0,340.08789063,2.00000000,32.00000000,32.00000000,-0.00000000,31.00000000,0.00000000
467830428,1,0,340.08789063,2.00000000,32.00000000,32.00000000,-0.00000000,31.00000000,0.00000000
467931100,1,0,338.86718750,2.00000000,32.00000000,32.00000000,-0.00000000,31.00000000,0.00000000
468031772,1,0,338.86718750,2.00000000,32.00000000,32.00000000,-0.00000000,31.00000000,0.00000000
468132444,1,0,340.08789063,2.00000000,32.00000000,32.00000000,-0.00000000,31.00000000,0.00000000
468233116,1,0,340.08789063,2.00000000,32.00000000,32.00000000,-0.00000000,31.00000000,0.00000000
468333788,1,0,340.08789063,2.00000000,32.00000000,32.00000000,-0.00000000,31.00000000,0.00000000
468434460,1,0,340.08789063,2.00000000,32.00000000,32.00000000,-0.00000000,31.00000000,0.00000000
468535136,1,0,341.30859375,2.00000000,32.00000000,32.00000000,-0.00000000,31.00000000,0.00000000
468635804,1,0,341.30859375,2.00000000,32.00000000,32.00000000,-0.00000000,31.00000000,0.00000000
468736476,1,0,341.30859375,2.00000000,32.00000000,32.00000000,-0.00000000,31.00000000,0.00000000
468837152,1,0,342.52929688,2.00000000,32.00000000,32.00000000,-0.00000000,31.00000000,0.00000000
468937820,1,0,342.52929688,2.00000000,32.00000000,32.00000000,-0.00000000,31.00000000,0.00000000
469038484,1,0,342.52929688,2.00000000,32.00000000,32.00000000,-0.00000000,31.00000000,0.00000000
469139160,1,0,342.52929688,2.00000000,32.00000000,32.00000000,-0.00000000,31.00000000,0.00000000
469239828,1,0,341.30859375,2.00000000,32.00000000,32.00000000,-0.00000000,31.00000000,0.00000000
469340492,1,0,341.30859375,2.00000000,32.00000000,32.00000000,-0.00000000,31.00000000,0.00000000
469441164,1,0,341.30859375,2.00000000,32.00000000,32.00000000,-0.00000000,31.00000000,0.00000000
469541836,1,0,341.30859375,2.00000000,32.00000000,32.00000000,-0.00000000,31.00000000,0.00000000
469642508,1,0,340.08789063,2.00000000,32.00000000,32.00000000,-0.00000000,31.00000000,0.00000000
469743172,1,0,340.08789063,2.00000000,32.00000000,32.00000000,-0.00000000,31.00000000,0.00000000
469843844,1,0,340.08789063,2.00000000,32.00000000,32.00000000,-0.00000000,31.00000000,0.00000000
469944516,1,0,340.08789063,2.00000000,32.00000000,32.00000000,-0.00000000,31.00000000,0.00000000
470045180,1,0,338.86718750,2.00000000,32.00000000,32.00000000,-0.00000000,31.00000000,0.00000000
470145856,1,0,338.86718750,2.00000000,32.00000000,32.00000000,-0.00000000,31.00000000,0.00000000
470246524,1,0,340.08789063,2.00000000,32.00000000,32.00000000,-0.00000000,31.00000000,0.00000000
470347196,1,0,340.08789063,2.00000000,32.00000000,32.00000000,-0.00000000,31.00000000,0.00000000
470447872,1,0,340.08789063,2.00000000,32.00000000,32.00000000,-0.00000000,31.00000000,0.00000000
470548540,1,0,341.30859375,2.00000000,32.00000000,32.00000000,-0.00000000,31.00000000,0.00000000
470649212,1,0,341.30859375,2.00000000,32.00000000,32.00000000,-0.00000000,31.00000000,0.00000000
470749884,1,0,342.52929688,2.00000000,32.00000000,32.00000000,-0.00000000,31.00000000,0.00000000
470850556,1,0,342.52929688,2.00000000,32.00000000,32.00000000,-0.00000000,31.00000000,0.00000000
470951228,1,0,342.52929688,2.00000000,32.00000000,32.00000000,-0.00000000,31.00000000,0.00000000
471051900,1,0,343.75000000,2.00000000,32.00000000,32.00000000,-0.00000000,31.00000000,0.00000000
471152572,1,0,343.75000000,2.00000000,32.00000000,32.00000000,-0.00000000,31.00000000,0.00000000
471253244,1,0,343.75000000,2.00000000,32.00000000,32.00000000,-0.00000000,31.00000000,0.00000000
471353908,1,0,343.75000000,2.00000000,32.00000000,32.00000000,-0.00000000,31.00000000,0.00000000
471454584,1,0,342.52929688,2.00000000,32.00000000,32.00000000,-0.00000000,31.00000000,0.00000000
471555252,1,0,342.52929688,2.00000000,32.00000000,32.00000000,-0.00000000,31.00000000,0.00000000
471655924,1,0,342.52929688,2.00000000,32.00000000,32.00000000,-0.00000000,31.00000000,0.00000000
471756600,1,0,341.30859375,2.00000000,32.00000000,32.00000000,-0.00000000,31.00000000,0.00000000
471857268,1,0,341.30859375,2.00000000,32.00000000,32.00000000,-0.00000000,31.00000000,0.00000000
471957932,1,0,341.30859375,2.00000000,32.00000000,32.00000000,-0.00000000,31.00000000,0.00000000
472058608,1,0,340.08789063,2.00000000,32.00000000,32.00000000,-0.00000000,31.00000000,0.00000000
472159276,1,0,340.08789063,2.00000000,32.00000000,32.00000000,-0.00000000,31.00000000,0.00000000
472259948,1,0,340.08789063,2.00000000,32.00000000,32.00000000,-0.00000000,31.00000000,0.00000000
472360620,1,0,340.08789063,2.00000000,32.00000000,32.00000000,-0.00000000,31.00000000,0.00000000
472461300,1,0,340.08789063,2.00000000,32.00000000,32.00000000,-0.00000000,31.00000000,0.00000000
472561972,1,0,340.08789063,2.00000000,32.00000000,32.00000000,-0.00000000,31.00000000,0.00000000
472662644,1,0,340.08789063,2.00000000,32.00000000,32.00000000,-0.00000000,31.00000000,0.00000000
472763316,1,0,341.30859375,2.00000000,32.00000000,32.00000000,-0.00000000,31.00000000,0.00000000
472863980,1,0,341.30859375,2.00000000,32.00000000,32.00000000,-0.00000000,31.00000000,0.00000000
472964652,1,0,341.30859375,2.00000000,32.00000000,32.00000000,-0.00000000,31.00000000,0.00000000
473065328,1,0,342.52929688,2.00000000,32.00000000,32.00000000,-0.00000000,31.00000000,0.00000000
473165996,1,0,342.52929688,2.00000000,32.00000000,32.00000000,-0.00000000,31.00000000,0.00000000
473266660,1,0,342.52929688,2.00000000,32.00000000,32.00000000,-0.00000000,31.00000000,0.00000000
473367336,1,0,343.75000000,2.00000000,32.00000000,32.00000000,-0.00000000,31.00000000,0.00000000
473468004,1,0,342.52929688,2.00000000,32.00000000,32.00000000,-0.00000000,31.00000000,0.00000000
473568668,1,0,342.52929688,2.00000000,32.00000000,32.00000000,-0.00000000,31.00000000,0.00000000
473669344,1,0,342.52929688,2.00000000,32.00000000,32.00000000,-0.00000000,31.00000000,0.00000000
473770012,1,0,341.30859375,2.00000000,32.00000000,32.00000000,-0.00000000,31.00000000,0.00000000
473870684,1,0,341.30859375,2.00000000,32.00000000,32.00000000,-0.00000000,31.00000000,0.00000000
473971356,1,0,340.08789063,2.00000000,32.00000000,32.00000000,-0.00000000,31.00000000,0.00000000
474072028,1,0,340.08789063,2.00000000,32.00000000,32.00000000,-0.00000000,31.00000000,0.00000000
474172700,1,0,338.86718750,2.00000000,32.00000000,32.00000000,-0.00000000,31.00000000,0.00000000
474273372,1,0,338.86718750,2.00000000,32.00000000,32.00000000,-0.00000000,31.00000000,0.00000000
474374044,1,0,338.86718750,2.00000000,32.00000000,32.00000000,-0.00000000,31.00000000,0.00000000
474474716,1,0,337.64648438,2.00000000,32.00000000,32.00000000,-0.00000000,31.00000000,0.00000000
474575388,1,0,338.86718750,2.00000000,32.00000000,32.00000000,-0.00000000,31.00000000,0.00000000
474676064,1,0,338.86718750,2.00000000,32.00000000,32.00000000,-0.00000000,31.00000000,0.00000000
474776732,1,0,338.86718750,2.00000000,32.00000000,32.00000000,-0.00000000,31.00000000,0.00000000
474877404,1,0,338.86718750,2.00000000,32.00000000,32.00000000,-0.00000000,31.00000000,0.00000000
474978080,1,0,340.08789063,2.00000000,32.00000000,32.00000000,-0.00000000,31.00000000,0.00000000
475078748,1,0,340.08789063,2.00000000,32.00000000,32.00000000,-0.00000000,31.00000000,0.00000000
475179412,1,0,341.30859375,2.00000000,32.00000000,32.00000000,-0.00000000,31.00000000,0.00000000
475280088,1,0,341.30859375,2.00000000,32.00000000,32.00000000,-0.00000000,31.00000000,0.00000000
475380756,1,0,341.30859375,2.00000000,32.00000000,32.00000000,-0.00000000,31.00000000,0.00000000
475481420,1,0,342.52929688,2.00000000,32.00000000,32.00000000,-0.00000000,31.00000000,0.00000000
475582084,1,0,342.52929688,2.00000000,32.00000000,32.00000000,-0.00000000,31.00000000,0.00000000
475682756,1,0,342.52929688,2.00000000,32.00000000,32.00000000,-0.00000000,31.00000000,0.00000000
475783420,1,0,342.52929688,2.00000000,32.00000000,32.00000000,-0.00000000,31.00000000,0.00000000
475884092,1,0,341.30859375,2.00000000,32.00000000,32.00000000,-0.00000000,31.00000000,0.00000000
475984764,1,0,341.30859375,2.00000000,32.00000000,32.00000000,-0.00000000,31.00000000,0.00000000
476085436,1,0,340.08789063,2.00000000,32.00000000,32.00000000,-0.00000000,31.00000000,0.00000000
476186100,1,0,340.08789063,2.00000000,32.00000000,32.00000000,-0.00000000,31.00000000,0.00000000
476286776,1,0,338.86718750,2.00000000,32.00000000,32.00000000,-0.00000000,31.00000000,0.00000000
476387444,1,0,338.86718750,2.00000000,32.00000000,32.00000000,-0.00000000,31.00000000,0.00000000
476488116,1,0,338.86718750,2.00000000,32.00000000,32.00000000,-0.00000000,31.00000000,0.00000000
476588792,1,0,337.64648438,2.00000000,32.00000000,32.00000000,-0.00000000,31.00000000,0.00000000
476689460,1,0,337.64648438,2.00000000,32.00000000,32.00000000,-0.00000000,31.00000000,0.00000000
476790132,1,0,337.64648438,2.00000000,32.00000000,32.00000000,-0.00000000,31.00000000,0.00000000
476890804,1,0,337.64648438,2.00000000,32.00000000,32.00000000,-0.00000000,31.00000000,0.00000000
476991476,1,0,338.86718750,2.00000000,32.00000000,32.00000000,-0.00000000,31.00000000,0.00000000
477092148,1,0,338.86718750,2.00000000,32.00000000,32.00000000,-0.00000000,31.00000000,0.00000000
477192820,1,0,340.08789063,2.00000000,32.00000000,32.00000000,-0.00000000,31.00000000,0.00000000
477293492,1,0,340.08789063,2.00000000,32.00000000,32.00000000,-0.00000000,31.00000000,0.00000000
477394156,1,0,340.08789063,2.00000000,32.00000000,32.00000000,-0.00000000,31.00000000,0.00000000
477494828,1,0,341.30859375,2.00000000,32.00000000,32.00000000,-0.00000000,31.00000000,0.00000000
477595504,1,0,341.30859375,2.00000000,32.00000000,32.00000000,-0.00000000,31.00000000,0.00000000
477696172,1,0,341.30859375,2.00000000,32.00000000,32.00000000,-0.00000000,31.00000000,0.00000000
477796836,1,0,341.30859375,2.00000000,32.00000000,32.00000000,-0.00000000,31.00000000,0.00000000
477897512,1,0,341.30859375,2.00000000,32.00000000,32.00000000,-0.00000000,31.00000000,0.00000000
477998180,1,0,341.30859375,2.00000000,32.00000000,32.00000000,-0.00000000,31.00000000,0.00000000
478098852,1,0,341.30859375,2.00000000,32.00000000,32.00000000,-0.00000000,31.00000000,0.00000000
478199528,1,0,340.08789063,2.00000000,32.00000000,32.00000000,-0.00000000,31.00000000,0.00000000
478300196,1,0,340.08789063,2.00000000,32.00000000,32.00000000,-0.00000000,31.00000000,0.00000000
478400868,1,0,338.86718750,2.00000000,32.00000000,32.00000000,-0.00000000,31.00000000,0.00000000
478501540,1,0,338.86718750,2.00000000,32.00000000,32.00000000,-0.00000000,31.00000000,0.00000000
478602220,1,0,338.86718750,2.00000000,32.00000000,32.00000000,-0.00000000,31.00000000,0.00000000
478702892,1,0,337.64648438,2.00000000,32.00000000,32.00000000,-0.00000000,31.00000000,0.00000000
478803564,1,0,337.64648438,2.00000000,32.00000000,32.00000000,-0.00000000,31.00000000,0.00000000
478904236,1,0,337.64648438,2.00000000,32.00000000,32.00000000,-0.00000000,31.00000000,0.00000000
479004900,1,0,337.64648438,2.00000000,32.00000000,32.00000000,-0.00000000,31.00000000,0.00000000
479105572,1,0,337.64648438,2.00000000,32.00000000,32.00000000,-0.00000000,31.00000000,0.00000000
479206248,1,0,338.86718750,2.00000000,32.00000000,32.00000000,-0.00000000,31.00000000,0.00000000
479306916,1,0,338.86718750,2.00000000,32.00000000,32.00000000,-0.00000000,31.00000000,0.00000000
479407588,1,0,338.86718750,2.00000000,32.00000000,32.00000000,-0.00000000,31.00000000,0.00000000
479508264,1,0,340.08789063,2.00000000,32.00000000,32.00000000,-0.00000000,31.00000000,0.00000000
479608932,1,0,340.08789063,2.00000000,32.00000000,32.00000000,-0.00000000,31.00000000,0.00000000
479709596,1,0,341.30859375,2.00000000,32.00000000,32.00000000,-0.00000000,31.00000000,0.00000000
479810272,1,0,341.30859375,2.00000000,32.00000000,32.00000000,-0.00000000,31.00000000,0.00000000
479910940,1,0,341.30859375,2.00000000,32.00000000,32.00000000,-0.00000000,31.00000000,0.00000000
480011612,1,0,341.30859375,2.00000000,32.00000000,32.00000000,-0.00000000,31.00000000,0.00000000
480112284,1,0,341.30859375,2.00000000,32.00000000,32.00000000,-0.00000000,31.00000000,0.00000000
480212956,1,0,341.30859375,2.00000000,32.00000000,32.00000000,-0.00000000,31.00000000,0.00000000
480313628,1,0,341.30859375,2.00000000,32.00000000,32.00000000,-0.00000000,31.00000000,0.00000000
480414300,1,0,340.08789063,2.00000000,32.00000000,32.00000000,-0.00000000,31.00000000,0.00000000
480514972,1,0,340.08789063,2.00000000,32.00000000,32.00000000,-0.00000000,31.00000000,0.00000000
480615644,1,0,338.86718750,2.00000000,32.00000000,32.00000000,-0.00000000,31.00000000,0.00000000
480716316,1,0,338.86718750,2.00000000,32.00000000,32.00000000,-0.00000000,31.00000000,0.00000000
480816992,1,0,338.86718750,2.00000000,32.00000000,32.00000000,-0.00000000,31.00000000,0.00000000
480917660,1,0,337.64648438,2.00000000,32.00000000,32.00000000,-0.00000000,31.00000000,0.00000000
481018332,1,0,337.64648438,2.00000000,32.00000000,32.00000000,-0.00000000,31.00000000,0.00000000
481119008,1,0,337.64648438,2.00000000,32.00000000,32.00000000,-0.00000000,31.00000000,0.00000000
481219676,1,0,337.64648438,2.00000000,32.00000000,32.00000000,-0.00000000,31.00000000,0.00000000
481320340,1,0,337.64648438,2.00000000,32.00000000,32.00000000,-0.00000000,31.00000000,0.00000000
481421016,1,0,338.86718750,2.00000000,32.00000000,32.00000000,-0.00000000,31.00000000,0.00000000
481521684,1,0,338.86718750,2.00000000,32.00000000,32.00000000,-0.00000000,31.00000000,0.00000000
481622348,1,0,340.08789063,2.00000000,32.00000000,32.00000000,-0.00000000,31.00000000,0.00000000
481723020,1,0,340.08789063,2.00000000,32.00000000,32.00000000,-0.00000000,31.00000000,0.00000000
481823692,1,0,340.08789063,2.00000000,32.00000000,32.00000000,-0.00000000,31.00000000,0.00000000
481924356,1,0,340.08789063,2.00000000,32.00000000,32.00000000,-0.00000000,31.00000000,0.00000000
482025020,1,0,341.30859375,2.00000000,32.00000000,32.00000000,-0.00000000,31.00000000,0.00000000
482125692,1,0,341.30859375,2.00000000,32.00000000,32.00000000,-0.00000000,31.00000000,0.00000000
482226364,1,0,341.30859375,2.00000000,32.00000000,32.00000000,-0.00000000,31.00000000,0.00000000
482327036,1,0,341.30859375,2.00000000,32.00000000,32.00000000,-0.00000000,31.00000000,0.00000000
482427712,1,0,341.30859375,2.00000000,32.00000000,32.00000000,-0.00000000,31.00000000,0.00000000
482528380,1,0,341.30859375,2.00000000,32.00000000,32.00000000,-0.00000000,31.00000000,0.00000000
482629052,1,0,340.08789063,2.00000000,32.00000000,32.00000000,-0.00000000,31.00000000,0.00000000
482729728,1,0,340.08789063,2.00000000,32.00000000,32.00000000,-0.00000000,31.00000000,0.00000000
482830396,1,0,338.86718750,2.00000000,32.00000000,32.00000000,-0.00000000,31.00000000,0.00000000
482931068,1,0,338.86718750,2.00000000,32.00000000,32.00000000,-0.00000000,31.00000000,0.00000000
483031740,1,0,338.86718750,2.00000000,32.00000000,32.00000000,-0.00000000,31.00000000,0.00000000
483132412,1,0,337.64648438,2.00000000,32.00000000,32.00000000,-0.00000000,31.00000000,0.00000000
483233076,1,0,337.64648438,2.00000000,32.00000000,32.00000000,-0.00000000,31.00000000,0.00000000
483333748,1,0,337.64648438,2.00000000,32.00000000,32.00000000,-0.00000000,31.00000000,0.00000000
483434420,1,0,337.64648438,2.00000000,32.00000000,32.00000000,-0.00000000,31.00000000,0.00000000
483535084,1,0,337.64648438,2.00000000,32.00000000,32.00000000,-0.00000000,31.00000000,0.00000000
483635756,1,0,337.64648438,2.00000000,32.00000000,32.00000000,-0.00000000,31.00000000,0.00000000
483736432,1,0,338.86718750,2.00000000,32.00000000,32.00000000,-0.00000000,31.00000000,0.00000000
483837100,1,0,338.86718750,2.00000000,32.00000000,32.00000000,-0.00000000,31.00000000,0.00000000
483937764,1,0,340.08789063,2.00000000,32.00000000,32.00000000,-0.00000000,31.00000000,0.00000000
484038440,1,0,340.08789063,2.00000000,32.00000000,32.00000000,-0.00000000,31.00000000,0.00000000
484139108,1,0,340.08789063,2.00000000,32.00000000,32.00000000,-0.00000000,31.00000000,0.00000000
484239772,1,0,341.30859375,2.00000000,32.00000000,32.00000000,-0.00000000,31.00000000,0.00000000
484340448,1,0,341.30859375,2.00000000,32.00000000,32.00000000,-0.00000000,31.00000000,0.00000000
484441116,1,0,341.30859375,2.00000000,32.00000000,32.00000000,-0.00000000,31.00000000,0.00000000
484541788,1,0,341.30859375,2.00000000,32.00000000,32.00000000,-0.00000000,31.00000000,0.00000000
484642452,1,0,341.30859375,2.00000000,32.00000000,32.00000000,-0.00000000,31.00000000,0.00000000
484743124,1,0,341.30859375,2.00000000,32.00000000,32.00000000,-0.00000000,31.00000000,0.00000000
484843796,1,0,340.08789063,2.00000000,32.00000000,32.00000000,-0.00000000,31.00000000,0.00000000
484944460,1,0,340.08789063,2.00000000,32.00000000,32.00000000,-0.00000000,31.00000000,0.00000000
485045132,1,0,338.86718750,2.00000000,32.00000000,32.00000000,-0.00000000,31.00000000,0.00000000
485145804,1,0,338.86718750,2.00000000,32.00000000,32.00000000,-0.00000000,31.00000000,0.00000000
485246468,1,0,338.86718750,2.00000000,32.00000000,32.00000000,-0.00000000,31.00000000,0.00000000
485347144,1,0,337.64648438,2.00000000,32.00000000,32.00000000,-0.00000000,31.00000000,0.00000000
485447812,1,0,337.64648438,2.00000000,32.00000000,32.00000000,-0.00000000,31.00000000,0.00000000
485548484,1,0,337.64648438,2.00000000,32.00000000,32.00000000,-0.00000000,31.00000000,0.00000000
485649160,1,0,337.64648438,2.00000000,32.00000000,32.00000000,-0.00000000,31.00000000,0.00000000
485749828,1,0,337.64648438,2.00000000,32.00000000,32.00000000,-0.00000000,31.00000000,0.00000000
506771720,1,0,346.19140625,2.00000000,32.00000000,32.00000000,-0.00000000,31.00000000,0.00000000
506871388,1,0,346.19140625,2.00000000,32.00000000,32.00000000,-0.00000000,31.00000000,0.00000000
506972060,1,0,346.19140625,2.00000000,32.00000000,32.00000000,-0.00000000,31.00000000,0.00000000
507072732,1,0,346.19140625,2.00000000,32.00000000,32.00000000,-0.00000000,31.00000000,0.00000000
507173404,1,0,344.97070313,2.00000000,32.00000000,32.00000000,-0.00000000,31.00000000,0.00000000
507274080,1,0,344.97070313,2.00000000,32.00000000,32.00000000,-0.00000000,31.00000000,0.00000000
507374748,1,0,343.75000000,2.00000000,32.00000000,32.00000000,-0.00000000,31.00000000,0.00000000
507475420,1,0,343.75000000,2.00000000,32.00000000,32.00000000,-0.00000000,31.00000000,0.00000000
507576096,1,0,342.52929688,2.00000000,32.00000000,32.00000000,-0.00000000,31.00000000,0.00000000
507676764,1,0,342.52929688,2.00000000,32.00000000,32.00000000,-0.00000000,31.00000000,0.00000000
509981308,1,0,342.52929688,2.00000000,32.00000000,32.00000000,-0.00000000,31.00000000,0.00000000
510080988,1,0,342.52929688,2.00000000,32.00000000,32.00000000,-0.00000000,31.00000000,0.00000000
510181660,1,0,343.75000000,2.00000000,32.00000000,32.00000000,-0.00000000,31.00000000,0.00000000
510282332,1,0,343.75000000,2.00000000,32.00000000,32.00000000,-0.00000000,31.00000000,0.00000000
510383004,1,0,343.75000000,2.00000000,32.00000000,32.00000000,-0.00000000,31.00000000,0.00000000
510483676,1,0,343.75000000,2.00000000,32.00000000,32.00000000,-0.00000000,31.00000000,0.00000000
510584348,1,0,343.75000000,2.00000000,32.00000000,32.00000000,-0.00000000,31.00000000,0.00000000
510685024,1,0,343.75000000,2.00000000,32.00000000,32.00000000,-0.00000000,31.00000000,0.00000000
510785692,1,0,343.75000000,2.00000000,32.00000000,32.00000000,-0.00000000,31.00000000,0.00000000
510886364,1,0,343.75000000,2.00000000,32.00000000,32.00000000,-0.00000000,31.00000000,0.00000000
510987040,1,0,342.52929688,2.00000000,32.00000000,32.00000000,-0.00000000,31.00000000,0.00000000
511087708,1,0,342.52929688,2.00000000,32.00000000,32.00000000,-0.00000000,31.00000000,0.00000000
511188372,1,0,341.30859375,2.00000000,32.00000000,32.00000000,-0.00000000,31.00000000,0.00000000
511289048,1,0,341.30859375,2.00000000,32.00000000,32.00000000,-0.00000000,31.00000000,0.00000000
511389716,1,0,341.30859375,2.00000000,32.00000000,32.00000000,-0.00000000,31.00000000,0.00000000
511490380,1,0,340.08789063,2.00000000,32.00000000,32.00000000,-0.00000000,31.00000000,0.00000000
511591052,1,0,340.08789063,2.00000000,32.00000000,32.00000000,-0.00000000,31.00000000,0.00000000
511691724,1,0,338.86718750,2.00000000,32.00000000,32.00000000,-0.00000000,31.00000000,0.00000000
511792388,1,0,338.86718750,2.00000000,32.00000000,32.00000000,-0.00000000,31.00000000,0.00000000
511893052,1,0,338.86718750,2.00000000,32.00000000,32.00000000,-0.00000000,31.00000000,0.00000000
511993724,1,0,338.86718750,2.00000000,32.00000000,32.00000000,-0.00000000,31.00000000,0.00000000
512094396,1,0,340.08789063,2.00000000,32.00000000,32.00000000,-0.00000000,31.00000000,0.00000000
512195068,1,0,340.08789063,2.00000000,32.00000000,32.00000000,-0.00000000,31.00000000,0.00000000
512295744,1,0,341.30859375,2.00000000,32.00000000,32.00000000,-0.00000000,31.00000000,0.00000000
512396412,1,0,341.30859375,2.00000000,32.00000000,32.00000000,-0.00000000,31.00000000,0.00000000
512497084,1,0,341.30859375,2.00000000,32.00000000,32.00000000,-0.00000000,31.00000000,0.00000000
512597760,1,0,341.30859375,2.00000000,32.00000000,32.00000000,-0.00000000,31.00000000,0.00000000
512698428,1,0,342.52929688,2.00000000,32.00000000,32.00000000,-0.00000000,31.00000000,0.00000000
512799100,1,0,342.52929688,2.00000000,32.00000000,32.00000000,-0.00000000,31.00000000,0.00000000
512899772,1,0,342.52929688,2.00000000,32.00000000,32.00000000,-0.00000000,31.00000000,0.00000000
513000444,1,0,342.52929688,2.00000000,32.00000000,32.00000000,-0.00000000,31.00000000,0.00000000
513101116,1,0,341.30859375,2.00000000,32.00000000,32.00000000,-0.00000000,31.00000000,0.00000000
513203588,2,0,341.30859375,2.00000000,32.00000000,32.00000000,-0.00000000,31.00000000,0.00000000
513302872,2,0,340.08789063,2.00000000,32.00000000,32.00000000,-0.00000000,31.00000000,0.00000000
513403152,2,0,340.08789063,2.00000000,32.00000000,32.00000000,-0.00000000,31.00000000,0.00000000
513503432,2,0,340.08789063,2.00000000,32.00000000,32.00000000,-0.00000000,31.00000000,0.00000000
513603708,2,0,340.08789063,2.00000000,32.00000000,32.00000000,-0.00000000,31.00000000,0.00000000
513703992,2,0,340.08789063,2.00000000,32.00000000,32.00000000,-0.00000000,31.00000000,0.00000000
513804276,2,0,338.86718750,2.00000000,32.00000000,32.00000000,-0.00000000,31.00000000,0.00000000
513904564,2,0,338.86718750,2.00000000,32.00000000,32.00000000,-0.00000000,31.00000000,0.00000000
514004852,2,0,338.86718750,2.00000000,32.00000000,32.00000000,-0.00000000,31.00000000,0.00000000
514105140,2,0,338.86718750,2.00000000,32.00000000,32.00000000,-0.00000000,31.00000000,0.00000000
514205428,2,0,338.86718750,2.00000000,32.00000000,32.00000000,-0.00000000,31.00000000,0.00000000
514305700,2,0,337.64648438,2.00000000,32.00000000,32.00000000,-0.00000000,31.00000000,0.00000000
514405988,2,0,337.64648438,2.00000000,32.00000000,32.00000000,-0.00000000,31.00000000,0.00000000
514506268,2,0,337.64648438,2.00000000,32.00000000,32.00000000,-0.00000000,31.00000000,0.00000000
514606556,2,0,337.64648438,2.00000000,32.00000000,32.00000000,-0.00000000,31.00000000,0.00000000
514706852,2,0,337.64648438,2.00000000,32.00000000,32.00000000,-0.00000000,31.00000000,0.00000000
514807140,2,0,337.64648438,2.00000000,32.00000000,32.00000000,-0.00000000,31.00000000,0.00000000
514907428,2,0,337.64648438,2.00000000,32.00000000,32.00000000,-0.00000000,31.00000000,0.00000000
515007716,2,0,337.64648438,2.00000000,32.00000000,32.00000000,-0.00000000,31.00000000,0.00000000
515108004,2,0,337.64648438,2.00000000,32.00000000,32.00000000,-0.00000000,31.00000000,0.00000000
515208292,2,0,337.64648438,2.00000000,32.00000000,32.00000000,-0.00000000,31.00000000,0.00000000
515308580,2,0,337.64648438,2.00000000,32.00000000,32.00000000,-0.00000000,31.00000000,0.00000000
515408868,2,0,338.86718750,2.00000000,32.00000000,32.00000000,-0.00000000,31.00000000,0.00000000
515509148,2,0,338.86718750,2.00000000,32.00000000,32.00000000,-0.00000000,31.00000000,0.00000000
515609428,2,0,338.86718750,2.00000000,32.00000000,32.00000000,-0.00000000,31.00000000,0.00000000
515709716,2,0,338.86718750,2.00000000,32.00000000,32.00000000,-0.00000000,31.00000000,0.00000000
515810004,2,0,338.86718750,2.00000000,32.00000000,32.00000000,-0.00000000,31.00000000,0.00000000
515910280,2,0,340.08789063,2.00000000,32.00000000,32.00000000,-0.00000000,31.00000000,0.00000000
516010568,2,0,340.08789063,2.00000000,32.00000000,32.00000000,-0.00000000,31.00000000,0.00000000
516110848,2,0,340.08789063,2.00000000,32.00000000,32.00000000,-0.00000000,31.00000000,0.00000000
516211136,2,0,340.08789063,2.00000000,32.00000000,32.00000000,-0.00000000,31.00000000,0.00000000
516311420,2,0,340.08789063,2.00000000,32.00000000,32.00000000,-0.00000000,31.00000000,0.00000000
516411704,2,0,340.08789063,2.00000000,32.00000000,32.00000000,-0.00000000,31.00000000,0.00000000
516511980,2,0,341.30859375,2.00000000,32.00000000,32.00000000,-0.00000000,31.00000000,0.00000000
516612260,2,0,341.30859375,2.00000000,32.00000000,32.00000000,-0.00000000,31.00000000,0.00000000
516712540,2,0,341.30859375,2.00000000,32.00000000,32.00000000,-0.00000000,31.00000000,0.00000000
516812820,2,0,341.30859375,2.00000000,32.00000000,32.00000000,-0.00000000,31.00000000,0.00000000
516913100,2,0,341.30859375,2.00000000,32.00000000,32.00000000,-0.00000000,31.00000000,0.00000000
517013380,2,0,341.30859375,2.00000000,32.00000000,32.00000000,-0.00000000,31.00000000,0.00000000
517113660,2,0,341.30859375,2.00000000,32.00000000,32.00000000,-0.00000000,31.00000000,0.00000000
517213940,2,0,341.30859375,2.00000000,32.00000000,32.00000000,-0.00000000,31.00000000,0.00000000
517314212,2,0,341.30859375,2.00000000,32.00000000,32.00000000,-0.00000000,31.00000000,0.00000000
517414492,2,0,341.30859375,2.00000000,32.00000000,32.00000000,-0.00000000,31.00000000,0.00000000
517514772,2,0,341.30859375,2.00000000,32.00000000,32.00000000,-0.00000000,31.00000000,0.00000000
517615052,2,0,341.30859375,2.00000000,32.00000000,32.00000000,-0.00000000,31.00000000,0.00000000
517715344,2,0,340.08789063,2.00000000,32.00000000,32.00000000,-0.00000000,31.00000000,0.00000000
517815632,2,0,340.08789063,2.00000000,32.00000000,32.00000000,-0.00000000,31.00000000,0.00000000
517915912,2,0,340.08789063,2.00000000,32.00000000,32.00000000,-0.00000000,31.00000000,0.00000000
518016192,2,0,340.08789063,2.00000000,32.00000000,32.00000000,-0.00000000,31.00000000,0.00000000
518116476,2,0,338.86718750,2.00000000,32.00000000,32.00000000,-0.00000000,31.00000000,0.00000000
518216764,2,0,338.86718750,2.00000000,32.00000000,32.00000000,-0.00000000,31.00000000,0.00000000
518317044,2,0,338.86718750,2.00000000,32.00000000,32.00000000,-0.00000000,31.00000000,0.00000000
518417332,2,0,338.86718750,2.00000000,32.00000000,32.00000000,-0.00000000,31.00000000,0.00000000
518517620,2,0,338.86718750,2.00000000,32.00000000,32.00000000,-0.00000000,31.00000000,0.00000000
518617908,2,0,337.64648438,2.00000000,32.00000000,32.00000000,-0.00000000,31.00000000,0.00000000
518718196,2,0,337.64648438,2.00000000,32.00000000,32.00000000,-0.00000000,31.00000000,0.00000000
518818476,2,0,337.64648438,2.00000000,32.00000000,32.00000000,-0.00000000,31.00000000,0.00000000
518918764,2,0,337.64648438,2.00000000,32.00000000,32.00000000,-0.00000000,31.00000000,0.00000000
519019044,2,0,337.64648438,2.00000000,32.00000000,32.00000000,-0.00000000,31.00000000,0.00000000
519119332,2,0,337.64648438,2.00000000,32.00000000,32.00000000,-0.00000000,31.00000000,0.00000000
519219628,2,0,337.64648438,2.00000000,32.00000000,32.00000000,-0.00000000,31.00000000,0.00000000
519319916,2,0,337.64648438,2.00000000,32.00000000,32.00000000,-0.00000000,31.00000000,0.00000000
519420204,2,0,337.64648438,2.00000000,32.00000000,32.00000000,-0.00000000,31.00000000,0.00000000
519520492,2,0,337.64648438,2.00000000,32.00000000,32.00000000,-0.00000000,31.00000000,0.00000000
519620780,2,0,337.64648438,2.00000000,32.00000000,32.00000000,-0.00000000,31.00000000,0.00000000
519721068,2,0,338.86718750,2.00000000,32.00000000,32.00000000,-0.00000000,31.00000000,0.00000000
519821356,2,0,338.86718750,2.00000000,32.00000000,32.00000000,-0.00000000,31.00000000,0.00000000
519921644,2,0,338.86718750,2.00000000,32.00000000,32.00000000,-0.00000000,31.00000000,0.00000000
520021932,2,0,338.86718750,2.00000000,32.00000000,32.00000000,-0.00000000,31.00000000,0.00000000
520122220,2,0,338.86718750,2.00000000,32.00000000,32.00000000,-0.00000000,31.00000000,0.00000000
520222508,2,0,338.86718750,2.00000000,32.00000000,32.00000000,-0.00000000,31.00000000,0.00000000
520322792,2,0,340.08789063,2.00000000,32.00000000,32.00000000,-0.00000000,31.00000000,0.00000000
520423064,2,0,340.08789063,2.00000000,32.00000000,32.00000000,-0.00000000,31.00000000,0.00000000
520523344,2,0,340.08789063,2.00000000,32.00000000,32.00000000,-0.00000000,31.00000000,0.00000000
520623624,2,0,340.08789063,2.00000000,32.00000000,32.00000000,-0.00000000,31.00000000,0.00000000
520723912,2,0,340.08789063,2.00000000,32.00000000,32.00000000,-0.00000000,31.00000000,0.00000000
520824200,2,0,340.08789063,2.00000000,32.00000000,32.00000000,-0.00000000,31.00000000,0.00000000
520924488,2,0,340.08789063,2.00000000,32.00000000,32.00000000,-0.00000000,31.00000000,0.00000000
521024764,2,0,341.30859375,2.00000000,32.00000000,32.00000000,-0.00000000,31.00000000,0.00000000
521125044,2,0,341.30859375,2.00000000,32.00000000,32.00000000,-0.00000000,31.00000000,0.00000000
521225324,2,0,341.30859375,2.00000000,32.00000000,32.00000000,-0.00000000,31.00000000,0.00000000
521325604,2,0,341.30859375,2.00000000,32.00000000,32.00000000,-0.00000000,31.00000000,0.00000000
521425884,2,0,341.30859375,2.00000000,32.00000000,32.00000000,-0.00000000,31.00000000,0.00000000
521526164,2,0,341.30859375,2.00000000,32.00000000,32.00000000,-0.00000000,31.00000000,0.00000000
521626444,2,0,340.08789063,2.00000000,32.00000000,32.00000000,-0.00000000,31.00000000,0.00000000
521726728,2,0,340.08789063,2.00000000,32.00000000,32.00000000,-0.00000000,31.00000000,0.00000000
521827000,2,0,340.08789063,2.00000000,32.00000000,32.00000000,-0.00000000,31.00000000,0.00000000
521927280,2,0,340.08789063,2.00000000,32.00000000,32.00000000,-0.00000000,31.00000000,0.00000000
522027560,2,0,340.08789063,2.00000000,32.00000000,32.00000000,-0.00000000,31.00000000,0.00000000
522127848,2,0,338.86718750,2.00000000,32.00000000,32.00000000,-0.00000000,31.00000000,0.00000000
522228140,2,0,338.86718750,2.00000000,32.00000000,32.00000000,-0.00000000,31.00000000,0.00000000
522328436,2,0,338.86718750,2.00000000,32.00000000,32.00000000,-0.00000000,31.00000000,0.00000000
522428724,2,0,338.86718750,2.00000000,32.00000000,32.00000000,-0.00000000,31.00000000,0.00000000
522529012,2,0,338.86718750,2.00000000,32.00000000,32.00000000,-0.00000000,31.00000000,0.00000000
522629300,2,0,337.64648438,2.00000000,32.00000000,32.00000000,-0.00000000,31.00000000,0.00000000
522729588,2,0,337.64648438,2.00000000,32.00000000,32.00000000,-0.00000000,31.00000000,0.00000000
522829876,2,0,337.64648438,2.00000000,32.00000000,32.00000000,-0.00000000,31.00000000,0.00000000
522930164,2,0,337.64648438,2.00000000,32.00000000,32.00000000,-0.00000000,31.00000000,0.00000000
523030452,2,0,337.64648438,2.00000000,32.00000000,32.00000000,-0.00000000,31.00000000,0.00000000
523130740,2,0,337.64648438,2.00000000,32.00000000,32.00000000,-0.00000000,31.00000000,0.00000000
523231028,2,0,337.64648438,2.00000000,32.00000000,32.00000000,-0.00000000,31.00000000,0.00000000
523331316,2,0,337.64648438,2.00000000,32.00000000,32.00000000,-0.00000000,31.00000000,0.00000000
523431588,2,0,337.64648438,2.00000000,32.00000000,32.00000000,-0.00000000,31.00000000,0.00000000
523531876,2,0,337.64648438,2.00000000,32.00000000,32.00000000,-0.00000000,31.00000000,0.00000000
523632164,2,0,337.64648438,2.00000000,32.00000000,32.00000000,-0.00000000,31.00000000,0.00000000
523732452,2,0,337.64648438,2.00000000,32.00000000,32.00000000,-0.00000000,31.00000000,0.00000000
523832748,2,0,337.64648438,2.00000000,32.00000000,32.00000000,-0.00000000,31.00000000,0.00000000
523933036,2,0,337.64648438,2.00000000,32.00000000,32.00000000,-0.00000000,31.00000000,0.00000000
524033324,2,0,338.86718750,2.00000000,32.00000000,32.00000000,-0.00000000,31.00000000,0.00000000
524133612,2,0,338.86718750,2.00000000,32.00000000,32.00000000,-0.00000000,31.00000000,0.00000000
524233892,2,0,338.86718750,2.00000000,32.00000000,32.00000000,-0.00000000,31.00000000,0.00000000
524334172,2,0,338.86718750,2.00000000,32.00000000,32.00000000,-0.00000000,31.00000000,0.00000000
524434452,2,0,338.86718750,2.00000000,32.00000000,32.00000000,-0.00000000,31.00000000,0.00000000
524534740,2,0,338.86718750,2.00000000,32.00000000,32.00000000,-0.00000000,31.00000000,0.00000000
524635020,2,0,340.08789063,2.00000000,32.00000000,32.00000000,-0.00000000,31.00000000,0.00000000
524735304,2,0,340.08789063,2.00000000,32.00000000,32.00000000,-0.00000000,31.00000000,0.00000000
524835580,2,0,340.08789063,2.00000000,32.00000000,32.00000000,-0.00000000,31.00000000,0.00000000
524935856,2,0,340.08789063,2.00000000,32.00000000,32.00000000,-0.00000000,31.00000000,0.00000000
525036136,2,0,340.08789063,2.00000000,32.00000000,32.00000000,-0.00000000,31.00000000,0.00000000
525136416,2,0,340.08789063,2.00000000,32.00000000,32.00000000,-0.00000000,31.00000000,0.00000000
525236692,2,0,341.30859375,2.00000000,32.00000000,32.00000000,-0.00000000,31.00000000,0.00000000
